timestamp,download_bytes,upload_bytes,download_speed,upload_speed,active_app,active_connections
2025-02-16 12:56:47,104087921,10171112,0.0,0.0,Code.exe,"msedge.exe,python.exe,OneDrive.exe,svchost.exe,Code.exe,Discord.exe"
2025-02-16 12:56:48,104087921,10171178,0.0,66.0,Code.exe,"msedge.exe,python.exe,OneDrive.exe,svchost.exe,Code.exe,Discord.exe"
2025-02-16 12:56:49,104092888,10174459,4967.0,3281.0,Code.exe,"msedge.exe,python.exe,OneDrive.exe,svchost.exe,Code.exe,Discord.exe"
2025-02-16 12:56:50,104094036,10179065,1148.0,4606.0,Code.exe,"msedge.exe,python.exe,OneDrive.exe,svchost.exe,Code.exe,Discord.exe"
2025-02-16 12:56:51,104094036,10179065,0.0,0.0,Code.exe,"msedge.exe,python.exe,OneDrive.exe,svchost.exe,Code.exe,Discord.exe"
2025-02-16 12:56:52,104094309,10183451,273.0,4386.0,Code.exe,"msedge.exe,python.exe,OneDrive.exe,svchost.exe,Code.exe,Discord.exe"
2025-02-16 12:56:53,104094309,10183451,0.0,0.0,Code.exe,"msedge.exe,python.exe,OneDrive.exe,svchost.exe,Code.exe,Discord.exe"
2025-02-16 12:56:54,104094899,10187972,590.0,4521.0,Code.exe,"msedge.exe,python.exe,OneDrive.exe,svchost.exe,Code.exe,Discord.exe"
2025-02-16 12:56:55,104094899,10188216,0.0,244.0,Code.exe,"msedge.exe,python.exe,OneDrive.exe,svchost.exe,Code.exe,Discord.exe"
2025-02-16 12:56:56,104095214,10194594,315.0,6378.0,Code.exe,"msedge.exe,python.exe,OneDrive.exe,svchost.exe,Code.exe,Discord.exe"
2025-02-16 12:56:57,104100867,10203162,5653.0,8568.0,Code.exe,"msedge.exe,python.exe,OneDrive.exe,svchost.exe,Code.exe,Discord.exe"
2025-02-16 12:56:58,104100932,10203162,65.0,0.0,Code.exe,"msedge.exe,python.exe,OneDrive.exe,svchost.exe,Code.exe,Discord.exe"
2025-02-16 12:56:59,104101193,10207493,261.0,4331.0,Code.exe,"msedge.exe,python.exe,OneDrive.exe,svchost.exe,Code.exe,Discord.exe"
2025-02-16 12:57:00,104101193,10207493,0.0,0.0,Code.exe,"msedge.exe,python.exe,OneDrive.exe,svchost.exe,Code.exe,Discord.exe"
2025-02-16 12:57:01,104101496,10211866,303.0,4373.0,Code.exe,"msedge.exe,python.exe,OneDrive.exe,svchost.exe,Code.exe,Discord.exe"
2025-02-16 12:57:02,104101496,10211866,0.0,0.0,Code.exe,"msedge.exe,python.exe,OneDrive.exe,svchost.exe,Code.exe,Discord.exe"
2025-02-16 12:57:03,104101757,10216231,261.0,4365.0,Code.exe,"msedge.exe,python.exe,OneDrive.exe,svchost.exe,Code.exe,Discord.exe"
2025-02-16 12:57:04,104101757,10216231,0.0,0.0,Code.exe,"msedge.exe,python.exe,OneDrive.exe,svchost.exe,Code.exe,Discord.exe"
2025-02-16 12:57:05,104102300,10222726,543.0,6495.0,Code.exe,"msedge.exe,python.exe,OneDrive.exe,svchost.exe,Code.exe,Discord.exe"
2025-02-16 12:57:06,104102300,10222726,0.0,0.0,Code.exe,"msedge.exe,python.exe,OneDrive.exe,svchost.exe,Code.exe,Discord.exe"
2025-02-16 12:57:07,104102300,10222726,0.0,0.0,Code.exe,"msedge.exe,python.exe,OneDrive.exe,svchost.exe,Code.exe,Discord.exe"
2025-02-16 12:57:08,104103156,10229289,856.0,6563.0,Code.exe,"msedge.exe,python.exe,OneDrive.exe,svchost.exe,Code.exe,Discord.exe"
2025-02-16 12:57:09,104103156,10229289,0.0,0.0,Code.exe,"msedge.exe,python.exe,OneDrive.exe,svchost.exe,Code.exe,Discord.exe"
2025-02-16 12:57:10,104103156,10229289,0.0,0.0,Code.exe,"msedge.exe,python.exe,OneDrive.exe,svchost.exe,Code.exe,Discord.exe"
2025-02-16 12:57:11,104103353,10233620,197.0,4331.0,Code.exe,"msedge.exe,python.exe,OneDrive.exe,svchost.exe,Code.exe,Discord.exe"
2025-02-16 12:57:12,104103506,10233674,153.0,54.0,Code.exe,"msedge.exe,python.exe,OneDrive.exe,svchost.exe,Code.exe,Discord.exe"
2025-02-16 12:57:13,104103614,10237950,108.0,4276.0,Code.exe,"msedge.exe,python.exe,OneDrive.exe,svchost.exe,Code.exe,Discord.exe"
2025-02-16 12:57:14,104103821,10238039,207.0,89.0,Code.exe,"msedge.exe,python.exe,OneDrive.exe,svchost.exe,Code.exe,Discord.exe"
2025-02-16 12:57:15,104104082,10242370,261.0,4331.0,Code.exe,"msedge.exe,python.exe,OneDrive.exe,svchost.exe,Code.exe,Discord.exe"
2025-02-16 12:57:16,104104082,10242370,0.0,0.0,Code.exe,"msedge.exe,python.exe,OneDrive.exe,svchost.exe,Code.exe,Discord.exe"
2025-02-16 12:57:17,104104343,10246701,261.0,4331.0,Code.exe,"msedge.exe,python.exe,OneDrive.exe,svchost.exe,Code.exe,Discord.exe"
2025-02-16 12:57:18,104104385,10246743,42.0,42.0,Code.exe,"msedge.exe,python.exe,OneDrive.exe,svchost.exe,Code.exe,Discord.exe"
2025-02-16 12:57:19,104104754,10253122,369.0,6379.0,Code.exe,"msedge.exe,python.exe,OneDrive.exe,svchost.exe,Code.exe,Discord.exe"
2025-02-16 12:57:20,104104754,10253122,0.0,0.0,Code.exe,"msedge.exe,python.exe,OneDrive.exe,svchost.exe,Code.exe,Discord.exe"
2025-02-16 12:57:21,104104754,10253122,0.0,0.0,Code.exe,"msedge.exe,python.exe,OneDrive.exe,svchost.exe,Code.exe,Discord.exe"
2025-02-16 12:57:22,104105015,10257453,261.0,4331.0,Code.exe,"msedge.exe,python.exe,OneDrive.exe,svchost.exe,Code.exe,Discord.exe"
2025-02-16 12:57:23,104105015,10257453,0.0,0.0,Code.exe,"msedge.exe,python.exe,OneDrive.exe,svchost.exe,Code.exe,Discord.exe"
2025-02-16 12:57:24,104105391,10261874,376.0,4421.0,Code.exe,"msedge.exe,python.exe,OneDrive.exe,svchost.exe,Code.exe,Discord.exe"
2025-02-16 12:57:25,104105391,10261874,0.0,0.0,Code.exe,"msedge.exe,python.exe,OneDrive.exe,svchost.exe,Code.exe,Discord.exe"
2025-02-16 12:57:26,104105826,10268323,435.0,6449.0,Code.exe,"msedge.exe,python.exe,OneDrive.exe,svchost.exe,Code.exe,Discord.exe"
2025-02-16 12:57:27,104105914,10268377,88.0,54.0,Code.exe,"msedge.exe,python.exe,OneDrive.exe,svchost.exe,Code.exe,Discord.exe"
2025-02-16 12:57:28,104105914,10268377,0.0,0.0,Code.exe,"msedge.exe,python.exe,OneDrive.exe,svchost.exe,Code.exe,Discord.exe"
2025-02-16 12:57:29,104106229,10272743,315.0,4366.0,Code.exe,"msedge.exe,python.exe,OneDrive.exe,svchost.exe,Code.exe,Discord.exe"
2025-02-16 12:57:30,104106229,10272743,0.0,0.0,Code.exe,"msedge.exe,python.exe,OneDrive.exe,svchost.exe,Code.exe,Discord.exe"
2025-02-16 12:57:31,104106605,10279072,376.0,6329.0,Code.exe,"msedge.exe,python.exe,OneDrive.exe,svchost.exe,Code.exe,Discord.exe"
2025-02-16 12:57:32,104106605,10279072,0.0,0.0,Code.exe,"msedge.exe,python.exe,OneDrive.exe,svchost.exe,Code.exe,Discord.exe"
2025-02-16 12:57:33,104106986,10285416,381.0,6344.0,Code.exe,"msedge.exe,python.exe,OneDrive.exe,svchost.exe,Code.exe,Discord.exe"
2025-02-16 12:57:34,104107028,10285458,42.0,42.0,Code.exe,"msedge.exe,python.exe,OneDrive.exe,svchost.exe,Code.exe,Discord.exe"
2025-02-16 12:57:35,104107028,10285458,0.0,0.0,Code.exe,"msedge.exe,python.exe,OneDrive.exe,svchost.exe,Code.exe,Discord.exe"
2025-02-16 12:57:36,104107728,10290088,700.0,4630.0,Code.exe,"msedge.exe,python.exe,OneDrive.exe,svchost.exe,Code.exe,Discord.exe"
2025-02-16 12:57:37,104112431,10298228,4703.0,8140.0,Code.exe,"msedge.exe,python.exe,OneDrive.exe,svchost.exe,Code.exe,Discord.exe"
2025-02-16 12:57:38,104113538,10302721,1107.0,4493.0,Code.exe,"msedge.exe,python.exe,OneDrive.exe,svchost.exe,Code.exe,Discord.exe"
2025-02-16 12:57:39,104113538,10302721,0.0,0.0,Code.exe,"msedge.exe,python.exe,OneDrive.exe,svchost.exe,Code.exe,Discord.exe"
2025-02-16 12:57:40,104113799,10307052,261.0,4331.0,Code.exe,"msedge.exe,python.exe,OneDrive.exe,svchost.exe,Code.exe,Discord.exe"
2025-02-16 12:57:41,104113799,10307052,0.0,0.0,Code.exe,"msedge.exe,python.exe,OneDrive.exe,svchost.exe,Code.exe,Discord.exe"
2025-02-16 12:57:43,104114109,10311418,310.0,4366.0,Code.exe,"msedge.exe,python.exe,OneDrive.exe,svchost.exe,Code.exe,Discord.exe"
2025-02-16 12:57:44,104114109,10311418,0.0,0.0,Code.exe,"msedge.exe,python.exe,OneDrive.exe,svchost.exe,Code.exe,Discord.exe"
2025-02-16 12:57:45,104114459,10315986,350.0,4568.0,Code.exe,"msedge.exe,python.exe,OneDrive.exe,svchost.exe,Code.exe,Discord.exe"
2025-02-16 12:57:46,104121038,10321262,6579.0,5276.0,Code.exe,"msedge.exe,python.exe,OneDrive.exe,svchost.exe,Code.exe,Discord.exe"
2025-02-16 12:57:47,104142548,10378737,21510.0,57475.0,Code.exe,"msedge.exe,python.exe,OneDrive.exe,svchost.exe,Code.exe,Discord.exe"
2025-02-16 12:57:48,104143945,10382670,1397.0,3933.0,Code.exe,"msedge.exe,python.exe,OneDrive.exe,svchost.exe,Code.exe,Discord.exe"
2025-02-16 12:57:49,104211472,10442500,67527.0,59830.0,Code.exe,"msedge.exe,python.exe,OneDrive.exe,svchost.exe,Code.exe,Discord.exe"
2025-02-16 12:57:50,104213404,10442867,1932.0,367.0,Code.exe,"msedge.exe,python.exe,OneDrive.exe,svchost.exe,Code.exe,Discord.exe"
2025-02-16 12:57:51,104213665,10447198,261.0,4331.0,Code.exe,"msedge.exe,python.exe,OneDrive.exe,svchost.exe,Code.exe,Discord.exe"
2025-02-16 12:57:52,104241169,10448337,27504.0,1139.0,Code.exe,"msedge.exe,python.exe,OneDrive.exe,svchost.exe,Code.exe,Discord.exe"
2025-02-16 12:57:53,104241533,10457089,364.0,8752.0,Code.exe,"msedge.exe,python.exe,OneDrive.exe,svchost.exe,Code.exe,Discord.exe"
2025-02-16 12:57:54,104241533,10457089,0.0,0.0,Code.exe,"msedge.exe,python.exe,OneDrive.exe,svchost.exe,Code.exe,Discord.exe"
2025-02-16 12:57:55,104241843,10461459,310.0,4370.0,Code.exe,"msedge.exe,python.exe,OneDrive.exe,svchost.exe,Code.exe,Discord.exe"
2025-02-16 12:57:56,104241843,10461459,0.0,0.0,Code.exe,"msedge.exe,python.exe,OneDrive.exe,svchost.exe,Code.exe,Discord.exe"
2025-02-16 12:57:57,104242099,10465795,256.0,4336.0,Code.exe,"msedge.exe,python.exe,OneDrive.exe,svchost.exe,Code.exe,Discord.exe"
2025-02-16 12:57:58,104242099,10465795,0.0,0.0,Code.exe,"msedge.exe,python.exe,OneDrive.exe,svchost.exe,Code.exe,Discord.exe"
2025-02-16 12:57:59,104242585,10470833,486.0,5038.0,Code.exe,"msedge.exe,python.exe,OneDrive.exe,svchost.exe,Code.exe,Discord.exe"
2025-02-16 12:58:00,104242747,10470833,162.0,0.0,Code.exe,"msedge.exe,python.exe,OneDrive.exe,svchost.exe,Code.exe,Discord.exe"
2025-02-16 12:58:01,104242801,10478598,54.0,7765.0,Code.exe,"msedge.exe,python.exe,OneDrive.exe,svchost.exe,Code.exe,Discord.exe"
2025-02-16 12:58:02,104243538,10479682,737.0,1084.0,Code.exe,"msedge.exe,python.exe,OneDrive.exe,svchost.exe,Code.exe,Discord.exe"
2025-02-16 12:58:03,104249807,10482771,6269.0,3089.0,Code.exe,"msedge.exe,python.exe,OneDrive.exe,svchost.exe,Code.exe,Discord.exe"
2025-02-16 12:58:04,104256907,10496148,7100.0,13377.0,Code.exe,"msedge.exe,python.exe,OneDrive.exe,svchost.exe,Code.exe,Discord.exe"
2025-02-16 12:58:05,104258164,10496442,1257.0,294.0,Code.exe,"msedge.exe,python.exe,OneDrive.exe,svchost.exe,Code.exe,Discord.exe"
2025-02-16 12:58:06,104258479,10502787,315.0,6345.0,Code.exe,"msedge.exe,python.exe,OneDrive.exe,svchost.exe,Code.exe,Discord.exe"
2025-02-16 12:58:07,104258479,10502787,0.0,0.0,Code.exe,"msedge.exe,python.exe,OneDrive.exe,svchost.exe,Code.exe,Discord.exe"
2025-02-16 12:58:08,104258663,10502988,184.0,201.0,Code.exe,"msedge.exe,python.exe,OneDrive.exe,svchost.exe,Code.exe,Discord.exe"
2025-02-16 12:58:09,104259930,10510123,1267.0,7135.0,Code.exe,"msedge.exe,WhatsApp.exe,python.exe,OneDrive.exe,svchost.exe,Code.exe,Discord.exe"
2025-02-16 12:58:10,104265100,10511946,5170.0,1823.0,Code.exe,"msedge.exe,WhatsApp.exe,python.exe,OneDrive.exe,svchost.exe,Code.exe,Discord.exe"
2025-02-16 12:58:11,104266637,10513153,1537.0,1207.0,Code.exe,"msedge.exe,WhatsApp.exe,python.exe,OneDrive.exe,svchost.exe,Code.exe,Discord.exe"
2025-02-16 12:58:12,104274192,10526153,7555.0,13000.0,Code.exe,"msedge.exe,WhatsApp.exe,python.exe,OneDrive.exe,svchost.exe,Code.exe,Discord.exe"
2025-02-16 12:58:13,104277112,10526369,2920.0,216.0,Code.exe,"msedge.exe,WhatsApp.exe,python.exe,OneDrive.exe,svchost.exe,Code.exe,Discord.exe"
2025-02-16 12:58:14,104277368,10530700,256.0,4331.0,Code.exe,"msedge.exe,WhatsApp.exe,python.exe,OneDrive.exe,svchost.exe,Code.exe,Discord.exe"
2025-02-16 12:58:15,104277701,10530972,333.0,272.0,Code.exe,"msedge.exe,WhatsApp.exe,python.exe,OneDrive.exe,svchost.exe,Code.exe,Discord.exe"
2025-02-16 12:58:16,104278051,10535392,350.0,4420.0,Code.exe,"msedge.exe,WhatsApp.exe,python.exe,OneDrive.exe,svchost.exe,Code.exe,Discord.exe"
2025-02-16 12:58:17,104278105,10535392,54.0,0.0,Code.exe,"msedge.exe,WhatsApp.exe,python.exe,OneDrive.exe,svchost.exe,Code.exe,Discord.exe"
2025-02-16 12:58:18,104278366,10539723,261.0,4331.0,Code.exe,"msedge.exe,WhatsApp.exe,python.exe,OneDrive.exe,svchost.exe,Code.exe,Discord.exe"
2025-02-16 12:58:19,104278366,10539723,0.0,0.0,Code.exe,"msedge.exe,WhatsApp.exe,python.exe,OneDrive.exe,svchost.exe,Code.exe,Discord.exe"
2025-02-16 12:58:20,104278622,10544054,256.0,4331.0,Code.exe,"msedge.exe,WhatsApp.exe,python.exe,OneDrive.exe,svchost.exe,Code.exe,Discord.exe"
2025-02-16 12:58:21,104278622,10544054,0.0,0.0,Code.exe,"msedge.exe,WhatsApp.exe,python.exe,OneDrive.exe,svchost.exe,Code.exe,Discord.exe"
2025-02-16 12:58:22,104278986,10550438,364.0,6384.0,Code.exe,"msedge.exe,WhatsApp.exe,python.exe,OneDrive.exe,svchost.exe,Code.exe,Discord.exe"
2025-02-16 12:58:23,104279153,10550558,167.0,120.0,Code.exe,"msedge.exe,WhatsApp.exe,python.exe,OneDrive.exe,svchost.exe,Code.exe,Discord.exe"
2025-02-16 12:58:24,104279153,10550558,0.0,0.0,Code.exe,"msedge.exe,WhatsApp.exe,python.exe,OneDrive.exe,svchost.exe,Code.exe,Discord.exe"
2025-02-16 12:58:25,104279409,10554889,256.0,4331.0,Code.exe,"msedge.exe,WhatsApp.exe,python.exe,OneDrive.exe,svchost.exe,Code.exe,Discord.exe"
2025-02-16 12:58:26,104279409,10554889,0.0,0.0,Code.exe,"msedge.exe,WhatsApp.exe,python.exe,OneDrive.exe,svchost.exe,Code.exe,Discord.exe"
2025-02-16 12:58:27,104279670,10559255,261.0,4366.0,Code.exe,"msedge.exe,WhatsApp.exe,python.exe,OneDrive.exe,svchost.exe,Code.exe,Discord.exe"
2025-02-16 12:58:28,104279724,10559255,54.0,0.0,Code.exe,"msedge.exe,WhatsApp.exe,python.exe,OneDrive.exe,svchost.exe,Code.exe,Discord.exe"
2025-02-16 12:58:29,104280034,10563694,310.0,4439.0,Code.exe,"msedge.exe,WhatsApp.exe,python.exe,OneDrive.exe,svchost.exe,Code.exe,Discord.exe"
2025-02-16 12:58:30,104280034,10563694,0.0,0.0,Code.exe,"msedge.exe,WhatsApp.exe,python.exe,OneDrive.exe,svchost.exe,Code.exe,Discord.exe"
2025-02-16 12:58:31,104280290,10568025,256.0,4331.0,Code.exe,"msedge.exe,WhatsApp.exe,python.exe,OneDrive.exe,svchost.exe,Code.exe,Discord.exe"
2025-02-16 12:58:32,104280332,10568067,42.0,42.0,Code.exe,"msedge.exe,WhatsApp.exe,python.exe,OneDrive.exe,svchost.exe,Code.exe,Discord.exe"
2025-02-16 12:58:33,104280646,10572433,314.0,4366.0,Code.exe,"msedge.exe,WhatsApp.exe,python.exe,OneDrive.exe,svchost.exe,Code.exe,Discord.exe"
2025-02-16 12:58:34,104280646,10572530,0.0,97.0,Code.exe,"msedge.exe,WhatsApp.exe,python.exe,OneDrive.exe,svchost.exe,Code.exe,Discord.exe"
2025-02-16 12:58:35,104281135,10576915,489.0,4385.0,Code.exe,"msedge.exe,WhatsApp.exe,python.exe,OneDrive.exe,svchost.exe,Code.exe,Discord.exe"
2025-02-16 12:58:36,104281135,10576915,0.0,0.0,Code.exe,"msedge.exe,WhatsApp.exe,python.exe,OneDrive.exe,svchost.exe,Code.exe,Discord.exe"
2025-02-16 12:58:37,104281516,10583314,381.0,6399.0,Code.exe,"msedge.exe,WhatsApp.exe,python.exe,OneDrive.exe,svchost.exe,Code.exe,Discord.exe"
2025-02-16 12:58:38,104281516,10583314,0.0,0.0,Code.exe,"msedge.exe,WhatsApp.exe,python.exe,OneDrive.exe,svchost.exe,Code.exe,Discord.exe"
2025-02-16 12:58:39,104281516,10583314,0.0,0.0,Code.exe,"msedge.exe,WhatsApp.exe,python.exe,OneDrive.exe,svchost.exe,Code.exe,Discord.exe"
2025-02-16 12:58:40,104281880,10589692,364.0,6378.0,Code.exe,"msedge.exe,WhatsApp.exe,python.exe,OneDrive.exe,svchost.exe,Code.exe,Discord.exe"
2025-02-16 12:58:41,104281880,10589692,0.0,0.0,Code.exe,"msedge.exe,WhatsApp.exe,python.exe,OneDrive.exe,svchost.exe,Code.exe,Discord.exe"
2025-02-16 12:58:42,104281880,10589692,0.0,0.0,Code.exe,"msedge.exe,WhatsApp.exe,python.exe,OneDrive.exe,svchost.exe,Code.exe,Discord.exe"
2025-02-16 12:58:43,104282190,10596035,310.0,6343.0,Code.exe,"msedge.exe,WhatsApp.exe,python.exe,OneDrive.exe,svchost.exe,Code.exe,Discord.exe"
2025-02-16 12:58:44,104282190,10596035,0.0,0.0,Code.exe,"msedge.exe,WhatsApp.exe,python.exe,OneDrive.exe,svchost.exe,Code.exe,Discord.exe"
2025-02-16 12:58:45,104282190,10596035,0.0,0.0,Code.exe,"msedge.exe,WhatsApp.exe,python.exe,OneDrive.exe,svchost.exe,Code.exe,Discord.exe"
2025-02-16 12:58:46,104282505,10600456,315.0,4421.0,Code.exe,"msedge.exe,WhatsApp.exe,python.exe,OneDrive.exe,svchost.exe,Code.exe,Discord.exe"
2025-02-16 12:58:47,104282559,10600456,54.0,0.0,Code.exe,"msedge.exe,WhatsApp.exe,python.exe,OneDrive.exe,svchost.exe,Code.exe,Discord.exe"
2025-02-16 12:58:48,104282815,10604787,256.0,4331.0,Code.exe,"msedge.exe,WhatsApp.exe,python.exe,OneDrive.exe,svchost.exe,Code.exe,Discord.exe"
2025-02-16 12:58:49,104282957,10604946,142.0,159.0,Code.exe,"msedge.exe,WhatsApp.exe,python.exe,OneDrive.exe,svchost.exe,Code.exe,Discord.exe"
2025-02-16 12:58:50,104283302,10609331,345.0,4385.0,Code.exe,"msedge.exe,WhatsApp.exe,python.exe,OneDrive.exe,svchost.exe,Code.exe,Discord.exe"
2025-02-16 12:58:51,104283302,10609331,0.0,0.0,Code.exe,"msedge.exe,WhatsApp.exe,python.exe,OneDrive.exe,svchost.exe,Code.exe,Discord.exe"
2025-02-16 12:58:52,104283563,10613697,261.0,4366.0,Code.exe,"msedge.exe,WhatsApp.exe,python.exe,OneDrive.exe,svchost.exe,Code.exe,Discord.exe"
2025-02-16 12:58:53,104283563,10613697,0.0,0.0,Code.exe,"msedge.exe,WhatsApp.exe,python.exe,OneDrive.exe,svchost.exe,Code.exe,Discord.exe"
2025-02-16 12:58:54,104283819,10618028,256.0,4331.0,Code.exe,"msedge.exe,WhatsApp.exe,python.exe,OneDrive.exe,svchost.exe,Code.exe,Discord.exe"
2025-02-16 12:58:55,104283977,10618082,158.0,54.0,Code.exe,"msedge.exe,WhatsApp.exe,python.exe,OneDrive.exe,svchost.exe,Code.exe,Discord.exe"
2025-02-16 12:58:56,104284233,10622413,256.0,4331.0,Code.exe,"msedge.exe,WhatsApp.exe,python.exe,OneDrive.exe,svchost.exe,Code.exe,Discord.exe"
2025-02-16 12:58:57,104284275,10622455,42.0,42.0,Code.exe,"msedge.exe,WhatsApp.exe,python.exe,OneDrive.exe,svchost.exe,Code.exe,Discord.exe"
2025-02-16 12:58:58,104284590,10626821,315.0,4366.0,Code.exe,"msedge.exe,WhatsApp.exe,python.exe,OneDrive.exe,svchost.exe,Code.exe,Discord.exe"
2025-02-16 12:58:59,104284590,10626821,0.0,0.0,Code.exe,"msedge.exe,WhatsApp.exe,python.exe,OneDrive.exe,svchost.exe,Code.exe,Discord.exe"
2025-02-16 12:59:00,104284905,10633164,315.0,6343.0,Code.exe,"msedge.exe,WhatsApp.exe,python.exe,OneDrive.exe,svchost.exe,Code.exe,Discord.exe"
2025-02-16 12:59:01,104284905,10633164,0.0,0.0,Code.exe,"msedge.exe,WhatsApp.exe,python.exe,OneDrive.exe,svchost.exe,Code.exe,Discord.exe"
2025-02-16 12:59:02,104284905,10633164,0.0,0.0,Code.exe,"msedge.exe,WhatsApp.exe,python.exe,OneDrive.exe,svchost.exe,Code.exe,Discord.exe"
2025-02-16 12:59:03,104285215,10637530,310.0,4366.0,Code.exe,"msedge.exe,WhatsApp.exe,python.exe,OneDrive.exe,svchost.exe,Code.exe,Discord.exe"
2025-02-16 12:59:04,104285215,10637530,0.0,0.0,Code.exe,"msedge.exe,WhatsApp.exe,python.exe,OneDrive.exe,svchost.exe,Code.exe,Discord.exe"
2025-02-16 12:59:05,104285476,10641861,261.0,4331.0,Code.exe,"msedge.exe,WhatsApp.exe,python.exe,OneDrive.exe,svchost.exe,Code.exe,Discord.exe"
2025-02-16 12:59:06,104285476,10641861,0.0,0.0,Code.exe,"msedge.exe,WhatsApp.exe,python.exe,OneDrive.exe,svchost.exe,Code.exe,Discord.exe"
2025-02-16 12:59:07,104285787,10648260,311.0,6399.0,Code.exe,"msedge.exe,WhatsApp.exe,python.exe,OneDrive.exe,svchost.exe,Code.exe,Discord.exe"
2025-02-16 12:59:09,104285853,10648260,66.0,0.0,Code.exe,"msedge.exe,WhatsApp.exe,python.exe,OneDrive.exe,svchost.exe,Code.exe,Discord.exe"
2025-02-16 12:59:10,104286253,10696083,400.0,47823.0,Code.exe,"msedge.exe,WhatsApp.exe,python.exe,OneDrive.exe,svchost.exe,Code.exe,Discord.exe"
2025-02-16 12:59:11,104297627,10703108,11374.0,7025.0,Code.exe,"msedge.exe,WhatsApp.exe,python.exe,OneDrive.exe,svchost.exe,Code.exe,Discord.exe"
2025-02-16 12:59:12,104412081,10707218,114454.0,4110.0,Code.exe,"msedge.exe,WhatsApp.exe,python.exe,OneDrive.exe,svchost.exe,Code.exe,Discord.exe"
2025-02-16 12:59:13,104465690,10716075,53609.0,8857.0,Code.exe,"msedge.exe,WhatsApp.exe,python.exe,OneDrive.exe,svchost.exe,Code.exe,Discord.exe"
2025-02-16 12:59:14,104530379,10774310,64689.0,58235.0,Code.exe,"msedge.exe,WhatsApp.exe,python.exe,OneDrive.exe,svchost.exe,Code.exe,Discord.exe"
2025-02-16 12:59:15,104532760,10774580,2381.0,270.0,Code.exe,"msedge.exe,WhatsApp.exe,python.exe,OneDrive.exe,svchost.exe,Code.exe,Discord.exe"
2025-02-16 12:59:16,104532814,10782344,54.0,7764.0,Code.exe,"msedge.exe,WhatsApp.exe,python.exe,OneDrive.exe,svchost.exe,Code.exe,Discord.exe"
2025-02-16 12:59:17,104533250,10782433,436.0,89.0,Code.exe,"msedge.exe,WhatsApp.exe,python.exe,OneDrive.exe,svchost.exe,Code.exe,Discord.exe"
2025-02-16 12:59:18,104533715,10782703,465.0,270.0,Code.exe,"msedge.exe,WhatsApp.exe,python.exe,OneDrive.exe,svchost.exe,Code.exe,Discord.exe"
2025-02-16 12:59:19,104542890,10787459,9175.0,4756.0,Code.exe,"msedge.exe,WhatsApp.exe,python.exe,OneDrive.exe,svchost.exe,Code.exe,Discord.exe"
2025-02-16 12:59:20,104640402,10791016,97512.0,3557.0,Code.exe,"msedge.exe,WhatsApp.exe,python.exe,OneDrive.exe,svchost.exe,Code.exe,Discord.exe"
2025-02-16 12:59:21,104680292,10796582,39890.0,5566.0,Code.exe,"msedge.exe,WhatsApp.exe,python.exe,OneDrive.exe,svchost.exe,Code.exe,Discord.exe"
2025-02-16 12:59:22,104680292,10796582,0.0,0.0,Code.exe,"msedge.exe,WhatsApp.exe,python.exe,OneDrive.exe,svchost.exe,Code.exe,Discord.exe"
2025-02-16 12:59:23,104681638,10806686,1346.0,10104.0,Code.exe,"msedge.exe,python.exe,OneDrive.exe,svchost.exe,Code.exe,Discord.exe"
2025-02-16 12:59:24,104687431,10809587,5793.0,2901.0,Code.exe,"msedge.exe,python.exe,OneDrive.exe,svchost.exe,Code.exe,Discord.exe"
2025-02-16 12:59:25,104687967,10814707,536.0,5120.0,Code.exe,"msedge.exe,python.exe,OneDrive.exe,svchost.exe,Code.exe,Discord.exe"
2025-02-16 12:59:26,104694957,10818072,6990.0,3365.0,Code.exe,"msedge.exe,python.exe,OneDrive.exe,svchost.exe,Code.exe,Discord.exe"
2025-02-16 12:59:27,104701766,10834768,6809.0,16696.0,Code.exe,"msedge.exe,python.exe,OneDrive.exe,svchost.exe,Code.exe,Discord.exe"
2025-02-16 12:59:28,104702541,10835020,775.0,252.0,Code.exe,"msedge.exe,python.exe,OneDrive.exe,svchost.exe,Code.exe,Discord.exe"
2025-02-16 12:59:29,104702541,10835020,0.0,0.0,Code.exe,"msedge.exe,python.exe,OneDrive.exe,svchost.exe,Code.exe,Discord.exe"
2025-02-16 12:59:30,104702857,10839491,316.0,4471.0,Code.exe,"msedge.exe,python.exe,OneDrive.exe,svchost.exe,Code.exe,Discord.exe"
2025-02-16 12:59:31,104702999,10839545,142.0,54.0,Code.exe,"msedge.exe,python.exe,OneDrive.exe,svchost.exe,Code.exe,Discord.exe"
2025-02-16 12:59:32,104703263,10843876,264.0,4331.0,Code.exe,"msedge.exe,python.exe,OneDrive.exe,svchost.exe,Code.exe,Discord.exe"
2025-02-16 12:59:33,104703263,10843876,0.0,0.0,Code.exe,"msedge.exe,python.exe,OneDrive.exe,svchost.exe,Code.exe,Discord.exe"
2025-02-16 12:59:34,104703523,10848207,260.0,4331.0,Code.exe,"msedge.exe,python.exe,OneDrive.exe,svchost.exe,Code.exe,Discord.exe"
2025-02-16 12:59:35,104703523,10848207,0.0,0.0,Code.exe,"msedge.exe,python.exe,OneDrive.exe,svchost.exe,Code.exe,Discord.exe"
2025-02-16 12:59:36,104703837,10852573,314.0,4366.0,Code.exe,"msedge.exe,python.exe,OneDrive.exe,svchost.exe,Code.exe,Discord.exe"
2025-02-16 12:59:37,104703891,10852573,54.0,0.0,Code.exe,"msedge.exe,python.exe,OneDrive.exe,svchost.exe,Code.exe,Discord.exe"
2025-02-16 12:59:38,104704097,10858917,206.0,6344.0,Code.exe,"msedge.exe,python.exe,OneDrive.exe,svchost.exe,Code.exe,Discord.exe"
2025-02-16 12:59:39,104704097,10858917,0.0,0.0,Code.exe,"msedge.exe,python.exe,OneDrive.exe,svchost.exe,Code.exe,Discord.exe"
2025-02-16 12:59:40,104704097,10858917,0.0,0.0,Code.exe,"msedge.exe,python.exe,OneDrive.exe,svchost.exe,Code.exe,Discord.exe"
2025-02-16 12:59:41,104704362,10863283,265.0,4366.0,Code.exe,"msedge.exe,python.exe,OneDrive.exe,svchost.exe,Code.exe,Discord.exe"
2025-02-16 12:59:42,104704416,10863283,54.0,0.0,Code.exe,"msedge.exe,python.exe,OneDrive.exe,svchost.exe,Code.exe,Discord.exe"
2025-02-16 12:59:43,104704681,10867614,265.0,4331.0,Code.exe,"msedge.exe,python.exe,OneDrive.exe,svchost.exe,Code.exe,Discord.exe"
2025-02-16 12:59:44,104704681,10867614,0.0,0.0,Code.exe,"msedge.exe,python.exe,OneDrive.exe,svchost.exe,Code.exe,Discord.exe"
2025-02-16 12:59:45,104704789,10871891,108.0,4277.0,Code.exe,"msedge.exe,python.exe,OneDrive.exe,svchost.exe,Code.exe,Discord.exe"
2025-02-16 12:59:46,104704989,10871987,200.0,96.0,Code.exe,"msedge.exe,python.exe,OneDrive.exe,svchost.exe,Code.exe,Discord.exe"
2025-02-16 12:59:47,104705256,10876353,267.0,4366.0,Code.exe,"msedge.exe,python.exe,OneDrive.exe,svchost.exe,Code.exe,Discord.exe"
2025-02-16 12:59:48,104705310,10876437,54.0,84.0,Code.exe,"msedge.exe,python.exe,OneDrive.exe,svchost.exe,Code.exe,Discord.exe"
2025-02-16 12:59:49,104705418,10880756,108.0,4319.0,Code.exe,"msedge.exe,python.exe,OneDrive.exe,svchost.exe,Code.exe,Discord.exe"
2025-02-16 12:59:50,104705826,10881043,408.0,287.0,Code.exe,"msedge.exe,python.exe,OneDrive.exe,svchost.exe,Code.exe,Discord.exe"
2025-02-16 12:59:51,104715675,10888556,9849.0,7513.0,Code.exe,"msedge.exe,python.exe,OneDrive.exe,svchost.exe,Code.exe,Discord.exe"
2025-02-16 12:59:52,104718082,10892418,2407.0,3862.0,Code.exe,"msedge.exe,python.exe,OneDrive.exe,svchost.exe,Code.exe,Discord.exe"
2025-02-16 12:59:53,104770051,10898974,51969.0,6556.0,Code.exe,"msedge.exe,python.exe,OneDrive.exe,svchost.exe,Code.exe,Discord.exe"
2025-02-16 12:59:54,104770051,10899016,0.0,42.0,Code.exe,"msedge.exe,python.exe,OneDrive.exe,svchost.exe,Code.exe,Discord.exe"
2025-02-16 12:59:55,104770493,10904730,442.0,5714.0,Code.exe,"msedge.exe,python.exe,OneDrive.exe,svchost.exe,Code.exe,Discord.exe"
2025-02-16 12:59:56,104781277,10907184,10784.0,2454.0,Code.exe,"msedge.exe,python.exe,OneDrive.exe,svchost.exe,Code.exe,Discord.exe"
2025-02-16 12:59:57,104781794,10911613,517.0,4429.0,Code.exe,"msedge.exe,python.exe,OneDrive.exe,svchost.exe,Code.exe,Discord.exe"
2025-02-16 12:59:58,104781794,10911655,0.0,42.0,Code.exe,"msedge.exe,python.exe,OneDrive.exe,svchost.exe,Code.exe,Discord.exe"
2025-02-16 12:59:59,104782530,10917519,736.0,5864.0,Code.exe,"msedge.exe,python.exe,OneDrive.exe,svchost.exe,Code.exe,Discord.exe"
2025-02-16 13:00:00,104793719,10920599,11189.0,3080.0,Code.exe,"msedge.exe,python.exe,OneDrive.exe,svchost.exe,Code.exe,Discord.exe"
2025-02-16 13:00:01,104794346,10924933,627.0,4334.0,Code.exe,"msedge.exe,python.exe,OneDrive.exe,svchost.exe,Code.exe,Discord.exe"
2025-02-16 13:00:02,104794346,10924933,0.0,0.0,Code.exe,"msedge.exe,python.exe,OneDrive.exe,svchost.exe,Code.exe,Discord.exe"
2025-02-16 13:00:03,104794607,10929633,261.0,4700.0,Code.exe,"msedge.exe,python.exe,OneDrive.exe,svchost.exe,Code.exe,Discord.exe"
2025-02-16 13:00:04,104794835,10929784,228.0,151.0,Code.exe,"msedge.exe,python.exe,OneDrive.exe,svchost.exe,Code.exe,Discord.exe"
2025-02-16 13:00:05,104795324,10934272,489.0,4488.0,Code.exe,"msedge.exe,python.exe,OneDrive.exe,svchost.exe,Code.exe,Discord.exe"
2025-02-16 13:00:06,104795444,10934272,120.0,0.0,Code.exe,"msedge.exe,python.exe,OneDrive.exe,svchost.exe,Code.exe,Discord.exe"
2025-02-16 13:00:07,104795705,10938602,261.0,4330.0,Code.exe,"msedge.exe,python.exe,OneDrive.exe,svchost.exe,Code.exe,Discord.exe"
2025-02-16 13:00:08,104795705,10938602,0.0,0.0,Code.exe,"msedge.exe,python.exe,OneDrive.exe,svchost.exe,Code.exe,Discord.exe"
2025-02-16 13:00:09,104795813,10942879,108.0,4277.0,Code.exe,"msedge.exe,python.exe,OneDrive.exe,svchost.exe,Code.exe,Discord.exe"
2025-02-16 13:00:10,104796008,10942975,195.0,96.0,Code.exe,"msedge.exe,python.exe,OneDrive.exe,svchost.exe,Code.exe,Discord.exe"
2025-02-16 13:00:11,104796734,10947594,726.0,4619.0,Code.exe,"msedge.exe,python.exe,OneDrive.exe,svchost.exe,Code.exe,Discord.exe"
2025-02-16 13:00:13,104796941,10947791,207.0,197.0,Code.exe,"msedge.exe,python.exe,OneDrive.exe,svchost.exe,Code.exe,Discord.exe"
2025-02-16 13:00:14,104797256,10952121,315.0,4330.0,Code.exe,"msedge.exe,python.exe,OneDrive.exe,svchost.exe,Code.exe,Discord.exe"
2025-02-16 13:00:15,104797256,10952121,0.0,0.0,Code.exe,"msedge.exe,python.exe,OneDrive.exe,svchost.exe,Code.exe,Discord.exe"
2025-02-16 13:00:16,104797364,10956397,108.0,4276.0,Code.exe,"msedge.exe,python.exe,OneDrive.exe,svchost.exe,Code.exe,Discord.exe"
2025-02-16 13:00:17,104797517,10956451,153.0,54.0,Code.exe,"msedge.exe,python.exe,OneDrive.exe,svchost.exe,Code.exe,Discord.exe"
2025-02-16 13:00:18,104797778,10960817,261.0,4366.0,Code.exe,"msedge.exe,python.exe,OneDrive.exe,svchost.exe,Code.exe,Discord.exe"
2025-02-16 13:00:19,104797832,10960817,54.0,0.0,Code.exe,"msedge.exe,python.exe,OneDrive.exe,svchost.exe,Code.exe,Discord.exe"
2025-02-16 13:00:20,104798092,10965148,260.0,4331.0,Code.exe,"msedge.exe,python.exe,OneDrive.exe,svchost.exe,Code.exe,Discord.exe"
2025-02-16 13:00:21,104798092,10965148,0.0,0.0,Code.exe,"msedge.exe,python.exe,OneDrive.exe,svchost.exe,Code.exe,Discord.exe"
2025-02-16 13:00:22,104798473,10971584,381.0,6436.0,Code.exe,"msedge.exe,python.exe,OneDrive.exe,svchost.exe,Code.exe,Discord.exe"
2025-02-16 13:00:23,104798904,10972766,431.0,1182.0,Code.exe,"msedge.exe,python.exe,OneDrive.exe,svchost.exe,Code.exe,Discord.exe"
2025-02-16 13:00:24,104804382,10975088,5478.0,2322.0,Code.exe,"msedge.exe,python.exe,OneDrive.exe,svchost.exe,Code.exe,Discord.exe"
2025-02-16 13:00:25,104804697,10979453,315.0,4365.0,Code.exe,"msedge.exe,python.exe,OneDrive.exe,svchost.exe,Code.exe,Discord.exe"
2025-02-16 13:00:26,104804751,10979453,54.0,0.0,Code.exe,"msedge.exe,python.exe,OneDrive.exe,svchost.exe,Code.exe,Discord.exe"
2025-02-16 13:00:27,104805066,10985802,315.0,6349.0,Code.exe,"msedge.exe,python.exe,OneDrive.exe,svchost.exe,Code.exe,Discord.exe"
2025-02-16 13:00:28,104811522,11003058,6456.0,17256.0,Code.exe,"msedge.exe,python.exe,OneDrive.exe,svchost.exe,Code.exe,Discord.exe"
2025-02-16 13:00:29,104812494,11003317,972.0,259.0,Code.exe,"msedge.exe,python.exe,OneDrive.exe,svchost.exe,Code.exe,Discord.exe"
2025-02-16 13:00:30,104821772,11007876,9278.0,4559.0,Code.exe,"msedge.exe,python.exe,OneDrive.exe,svchost.exe,Code.exe,Discord.exe"
2025-02-16 13:00:31,104830438,11008170,8666.0,294.0,Code.exe,"msedge.exe,python.exe,OneDrive.exe,svchost.exe,Code.exe,Discord.exe"
2025-02-16 13:00:32,104839781,11015629,9343.0,7459.0,Code.exe,"msedge.exe,python.exe,OneDrive.exe,svchost.exe,Code.exe,Discord.exe"
2025-02-16 13:00:33,104857989,11028778,18208.0,13149.0,Code.exe,"msedge.exe,python.exe,OneDrive.exe,svchost.exe,Code.exe,Discord.exe"
2025-02-16 13:00:34,104876375,11036730,18386.0,7952.0,Code.exe,"msedge.exe,python.exe,OneDrive.exe,svchost.exe,Code.exe,Discord.exe"
2025-02-16 13:00:35,104876417,11036772,42.0,42.0,Code.exe,"msedge.exe,python.exe,OneDrive.exe,svchost.exe,Code.exe,Discord.exe"
2025-02-16 13:00:36,104876741,11043116,324.0,6344.0,Code.exe,"msedge.exe,python.exe,OneDrive.exe,svchost.exe,Code.exe,Discord.exe"
2025-02-16 13:00:37,104876741,11043116,0.0,0.0,Code.exe,"msedge.exe,python.exe,OneDrive.exe,svchost.exe,Code.exe,Discord.exe"
2025-02-16 13:00:38,104876741,11043116,0.0,0.0,Code.exe,"msedge.exe,python.exe,OneDrive.exe,svchost.exe,Code.exe,Discord.exe"
2025-02-16 13:00:39,104877242,11049605,501.0,6489.0,Code.exe,"msedge.exe,python.exe,OneDrive.exe,svchost.exe,Code.exe,Discord.exe"
2025-02-16 13:00:40,104877242,11049605,0.0,0.0,Code.exe,"msedge.exe,python.exe,OneDrive.exe,svchost.exe,Code.exe,Discord.exe"
2025-02-16 13:00:41,104877242,11049605,0.0,0.0,Code.exe,"msedge.exe,python.exe,OneDrive.exe,svchost.exe,Code.exe,Discord.exe"
2025-02-16 13:00:42,104877557,11058022,315.0,8417.0,Code.exe,"msedge.exe,python.exe,OneDrive.exe,svchost.exe,Code.exe,Discord.exe"
2025-02-16 13:00:43,104877557,11058022,0.0,0.0,Code.exe,"msedge.exe,python.exe,OneDrive.exe,svchost.exe,Code.exe,Discord.exe"
2025-02-16 13:00:44,104877818,11062353,261.0,4331.0,Code.exe,"msedge.exe,python.exe,OneDrive.exe,svchost.exe,Code.exe,Discord.exe"
2025-02-16 13:00:45,104877818,11062353,0.0,0.0,Code.exe,"msedge.exe,python.exe,OneDrive.exe,svchost.exe,Code.exe,Discord.exe"
2025-02-16 13:00:46,104884774,11072156,6956.0,9803.0,Code.exe,"msedge.exe,python.exe,OneDrive.exe,svchost.exe,Code.exe,Discord.exe"
2025-02-16 13:00:47,104885293,11072210,519.0,54.0,Code.exe,"msedge.exe,python.exe,OneDrive.exe,svchost.exe,Code.exe,Discord.exe"
2025-02-16 13:00:48,104885553,11076541,260.0,4331.0,Code.exe,"msedge.exe,python.exe,OneDrive.exe,svchost.exe,Code.exe,Discord.exe"
2025-02-16 13:00:49,104885553,11076541,0.0,0.0,Code.exe,"msedge.exe,python.exe,OneDrive.exe,svchost.exe,Code.exe,Discord.exe"
2025-02-16 13:00:50,104886042,11081023,489.0,4482.0,Code.exe,"msedge.exe,python.exe,OneDrive.exe,svchost.exe,Code.exe,Discord.exe"
2025-02-16 13:00:51,104886108,11081078,66.0,55.0,Code.exe,"msedge.exe,python.exe,OneDrive.exe,svchost.exe,Code.exe,Discord.exe"
2025-02-16 13:00:58,104896495,11097438,0.0,0.0,Code.exe,"svchost.exe,msedge.exe,python.exe,Code.exe,Discord.exe,OneDrive.exe"
2025-02-16 13:00:59,104901395,11101501,4900.0,4063.0,Code.exe,"svchost.exe,msedge.exe,python.exe,Code.exe,Discord.exe,OneDrive.exe"
2025-02-16 13:01:00,104902167,11101783,772.0,282.0,Code.exe,"svchost.exe,msedge.exe,python.exe,Code.exe,Discord.exe,OneDrive.exe"
2025-02-16 13:01:01,104902477,11106114,310.0,4331.0,Code.exe,"svchost.exe,msedge.exe,python.exe,Code.exe,Discord.exe,OneDrive.exe"
2025-02-16 13:01:02,104902477,11106114,0.0,0.0,Code.exe,"svchost.exe,msedge.exe,python.exe,Code.exe,Discord.exe,OneDrive.exe"
2025-02-16 13:01:03,104902804,11111136,327.0,5022.0,Code.exe,"svchost.exe,msedge.exe,python.exe,Code.exe,Discord.exe,OneDrive.exe"
2025-02-16 13:01:04,104907915,11113886,5111.0,2750.0,Code.exe,"svchost.exe,msedge.exe,python.exe,Code.exe,Discord.exe,OneDrive.exe"
2025-02-16 13:01:05,104908946,11120559,1031.0,6673.0,Code.exe,"svchost.exe,msedge.exe,python.exe,Code.exe,Discord.exe,OneDrive.exe"
2025-02-16 13:01:06,104909000,11120559,54.0,0.0,Code.exe,"svchost.exe,msedge.exe,python.exe,Code.exe,Discord.exe,OneDrive.exe"
2025-02-16 13:01:07,104909000,11120559,0.0,0.0,Code.exe,"svchost.exe,msedge.exe,python.exe,Code.exe,Discord.exe,OneDrive.exe"
2025-02-16 13:01:08,104909261,11124890,261.0,4331.0,Code.exe,"svchost.exe,msedge.exe,python.exe,Code.exe,Discord.exe,OneDrive.exe"
2025-02-16 13:01:09,104909261,11124890,0.0,0.0,Code.exe,"svchost.exe,msedge.exe,python.exe,Code.exe,Discord.exe,OneDrive.exe"
2025-02-16 13:01:10,104909522,11129221,261.0,4331.0,Code.exe,"svchost.exe,msedge.exe,python.exe,Code.exe,Discord.exe,OneDrive.exe"
2025-02-16 13:01:11,104909522,11129221,0.0,0.0,Code.exe,"svchost.exe,msedge.exe,python.exe,Code.exe,Discord.exe,OneDrive.exe"
2025-02-16 13:01:12,104910418,11135784,896.0,6563.0,Code.exe,"svchost.exe,msedge.exe,python.exe,Code.exe,Discord.exe,OneDrive.exe"
2025-02-16 13:01:13,104910418,11135784,0.0,0.0,Code.exe,"svchost.exe,msedge.exe,python.exe,Code.exe,Discord.exe,OneDrive.exe"
2025-02-16 13:01:14,104910418,11135784,0.0,0.0,Code.exe,"svchost.exe,msedge.exe,python.exe,Code.exe,Discord.exe,OneDrive.exe"
2025-02-16 13:01:15,104910674,11140115,256.0,4331.0,Code.exe,"svchost.exe,msedge.exe,python.exe,Code.exe,Discord.exe,OneDrive.exe"
2025-02-16 13:01:16,104910674,11140115,0.0,0.0,Code.exe,"svchost.exe,msedge.exe,python.exe,Code.exe,Discord.exe,OneDrive.exe"
2025-02-16 13:01:17,104910935,11144446,261.0,4331.0,Code.exe,"svchost.exe,msedge.exe,python.exe,Code.exe,Discord.exe,OneDrive.exe"
2025-02-16 13:01:18,104910935,11144446,0.0,0.0,Code.exe,"svchost.exe,msedge.exe,python.exe,Code.exe,Discord.exe,OneDrive.exe"
2025-02-16 13:01:19,104911311,11148867,376.0,4421.0,Code.exe,"svchost.exe,msedge.exe,python.exe,Code.exe,Discord.exe,OneDrive.exe"
2025-02-16 13:01:20,104913281,11166489,1970.0,17622.0,ChatGPT.exe,"svchost.exe,ChatGPT.exe,msedge.exe,python.exe,Code.exe,Discord.exe,OneDrive.exe"
2025-02-16 13:01:21,104991373,11176947,78092.0,10458.0,ChatGPT.exe,"svchost.exe,ChatGPT.exe,msedge.exe,python.exe,Code.exe,Discord.exe,OneDrive.exe"
2025-02-16 13:01:22,104999470,11187446,8097.0,10499.0,ChatGPT.exe,"svchost.exe,ChatGPT.exe,msedge.exe,python.exe,Code.exe,Discord.exe,OneDrive.exe"
2025-02-16 13:01:23,105001362,11192299,1892.0,4853.0,ChatGPT.exe,"svchost.exe,ChatGPT.exe,msedge.exe,python.exe,Code.exe,Discord.exe,OneDrive.exe"
2025-02-16 13:01:24,105001723,11192568,361.0,269.0,ChatGPT.exe,"svchost.exe,ChatGPT.exe,msedge.exe,python.exe,Code.exe,Discord.exe,OneDrive.exe"
2025-02-16 13:01:25,105007407,11248979,5684.0,56411.0,ChatGPT.exe,"svchost.exe,ChatGPT.exe,msedge.exe,python.exe,Code.exe,Discord.exe,OneDrive.exe"
2025-02-16 13:01:26,105007461,11248979,54.0,0.0,ChatGPT.exe,"svchost.exe,ChatGPT.exe,msedge.exe,python.exe,Code.exe,Discord.exe,OneDrive.exe"
2025-02-16 13:01:27,105007461,11248979,0.0,0.0,ChatGPT.exe,"svchost.exe,ChatGPT.exe,msedge.exe,python.exe,Code.exe,Discord.exe,OneDrive.exe"
2025-02-16 13:01:28,105007771,11255323,310.0,6344.0,ChatGPT.exe,"svchost.exe,ChatGPT.exe,msedge.exe,python.exe,Code.exe,Discord.exe,OneDrive.exe"
2025-02-16 13:01:29,105007813,11255365,42.0,42.0,ChatGPT.exe,"svchost.exe,ChatGPT.exe,msedge.exe,python.exe,Code.exe,Discord.exe,OneDrive.exe"
2025-02-16 13:01:30,105007813,11255365,0.0,0.0,Code.exe,"svchost.exe,ChatGPT.exe,msedge.exe,python.exe,Code.exe,Discord.exe,OneDrive.exe"
2025-02-16 13:01:31,105008123,11259731,310.0,4366.0,Code.exe,"svchost.exe,ChatGPT.exe,msedge.exe,python.exe,Code.exe,Discord.exe,OneDrive.exe"
2025-02-16 13:01:32,105008123,11259731,0.0,0.0,Code.exe,"svchost.exe,ChatGPT.exe,msedge.exe,python.exe,Code.exe,Discord.exe,OneDrive.exe"
2025-02-16 13:01:33,105008438,11266075,315.0,6344.0,Code.exe,"svchost.exe,ChatGPT.exe,msedge.exe,python.exe,Code.exe,Discord.exe,OneDrive.exe"
2025-02-16 13:01:34,105008718,11266288,280.0,213.0,Code.exe,"svchost.exe,ChatGPT.exe,msedge.exe,python.exe,Code.exe,Discord.exe,OneDrive.exe"
2025-02-16 13:01:35,105008946,11266439,228.0,151.0,Code.exe,"svchost.exe,ChatGPT.exe,msedge.exe,python.exe,Code.exe,Discord.exe,OneDrive.exe"
2025-02-16 13:01:36,105009315,11272818,369.0,6379.0,Code.exe,"svchost.exe,ChatGPT.exe,msedge.exe,python.exe,Code.exe,Discord.exe,OneDrive.exe"
2025-02-16 13:01:37,105009315,11272818,0.0,0.0,Code.exe,"svchost.exe,ChatGPT.exe,msedge.exe,python.exe,Code.exe,Discord.exe,OneDrive.exe"
2025-02-16 13:01:38,105009315,11272818,0.0,0.0,Code.exe,"svchost.exe,ChatGPT.exe,msedge.exe,python.exe,Code.exe,Discord.exe,OneDrive.exe"
2025-02-16 13:01:39,105010916,11279270,1601.0,6452.0,Code.exe,"svchost.exe,ChatGPT.exe,msedge.exe,python.exe,Code.exe,Discord.exe,OneDrive.exe"
2025-02-16 13:01:40,105010916,11279270,0.0,0.0,Code.exe,"svchost.exe,ChatGPT.exe,msedge.exe,python.exe,Code.exe,Discord.exe,OneDrive.exe"
2025-02-16 13:01:41,105010916,11279270,0.0,0.0,Code.exe,"svchost.exe,ChatGPT.exe,msedge.exe,python.exe,Code.exe,Discord.exe,OneDrive.exe"
2025-02-16 13:01:42,105011231,11283636,315.0,4366.0,Code.exe,"svchost.exe,ChatGPT.exe,msedge.exe,python.exe,Code.exe,Discord.exe,OneDrive.exe"
2025-02-16 13:01:43,105011231,11283636,0.0,0.0,Code.exe,"svchost.exe,ChatGPT.exe,msedge.exe,python.exe,Code.exe,Discord.exe,OneDrive.exe"
2025-02-16 13:01:44,105011339,11287913,108.0,4277.0,Code.exe,"svchost.exe,ChatGPT.exe,msedge.exe,python.exe,Code.exe,Discord.exe,OneDrive.exe"
2025-02-16 13:01:45,105011645,11288033,306.0,120.0,Code.exe,"svchost.exe,ChatGPT.exe,msedge.exe,python.exe,Code.exe,Discord.exe,OneDrive.exe"
2025-02-16 13:01:46,105011906,11292364,261.0,4331.0,Code.exe,"svchost.exe,ChatGPT.exe,msedge.exe,python.exe,Code.exe,Discord.exe,OneDrive.exe"
2025-02-16 13:01:47,105011996,11292578,90.0,214.0,Code.exe,"svchost.exe,ChatGPT.exe,msedge.exe,python.exe,Code.exe,Discord.exe,OneDrive.exe"
2025-02-16 13:01:48,105018455,11298502,6459.0,5924.0,Code.exe,"svchost.exe,ChatGPT.exe,msedge.exe,python.exe,Code.exe,Discord.exe,OneDrive.exe"
2025-02-16 13:01:49,105025960,11305943,7505.0,7441.0,Code.exe,"svchost.exe,ChatGPT.exe,msedge.exe,python.exe,Code.exe,Discord.exe,OneDrive.exe"
2025-02-16 13:01:50,105026702,11313561,742.0,7618.0,Code.exe,"svchost.exe,ChatGPT.exe,msedge.exe,python.exe,Code.exe,Discord.exe,OneDrive.exe"
2025-02-16 13:01:51,105031661,11317261,4959.0,3700.0,Code.exe,"svchost.exe,ChatGPT.exe,msedge.exe,python.exe,Code.exe,Discord.exe,OneDrive.exe"
2025-02-16 13:01:52,105032936,11335446,1275.0,18185.0,Code.exe,"svchost.exe,ChatGPT.exe,msedge.exe,python.exe,Code.exe,Discord.exe,OneDrive.exe"
2025-02-16 13:01:53,105034850,11347579,1914.0,12133.0,Code.exe,"svchost.exe,ChatGPT.exe,msedge.exe,python.exe,Code.exe,Discord.exe,OneDrive.exe"
2025-02-16 13:01:54,105035495,11347668,645.0,89.0,Code.exe,"svchost.exe,ChatGPT.exe,msedge.exe,python.exe,Code.exe,Discord.exe,OneDrive.exe"
2025-02-16 13:01:59,105036266,11356839,0.0,0.0,Code.exe,"ChatGPT.exe,python.exe,OneDrive.exe,Discord.exe,msedge.exe,svchost.exe,Code.exe"
2025-02-16 13:02:00,105036266,11356839,0.0,0.0,Code.exe,"ChatGPT.exe,python.exe,OneDrive.exe,Discord.exe,msedge.exe,svchost.exe,Code.exe"
2025-02-16 13:02:01,105036697,11358113,431.0,1274.0,Code.exe,"ChatGPT.exe,python.exe,OneDrive.exe,Discord.exe,msedge.exe,svchost.exe,Code.exe"
2025-02-16 13:02:02,105041809,11364636,5112.0,6523.0,Code.exe,"ChatGPT.exe,python.exe,OneDrive.exe,Discord.exe,msedge.exe,svchost.exe,Code.exe"
2025-02-16 13:02:03,105043936,11441222,2127.0,76586.0,Code.exe,"ChatGPT.exe,python.exe,OneDrive.exe,Discord.exe,msedge.exe,svchost.exe,Code.exe"
2025-02-16 13:02:04,105045246,11447679,1310.0,6457.0,Code.exe,"ChatGPT.exe,python.exe,OneDrive.exe,Discord.exe,msedge.exe,svchost.exe,Code.exe"
2025-02-16 13:02:05,105047115,11491626,1869.0,43947.0,Code.exe,"ChatGPT.exe,python.exe,OneDrive.exe,Discord.exe,msedge.exe,svchost.exe,Code.exe"
2025-02-16 13:02:06,105047115,11491626,0.0,0.0,Code.exe,"ChatGPT.exe,python.exe,OneDrive.exe,Discord.exe,msedge.exe,svchost.exe,Code.exe"
2025-02-16 13:02:07,105047223,11496272,108.0,4646.0,Code.exe,"ChatGPT.exe,python.exe,OneDrive.exe,Discord.exe,msedge.exe,svchost.exe,Code.exe"
2025-02-16 13:02:08,105047496,11496416,273.0,144.0,Code.exe,"ChatGPT.exe,python.exe,OneDrive.exe,Discord.exe,msedge.exe,svchost.exe,Code.exe"
2025-02-16 13:02:09,105047823,11500803,327.0,4387.0,Code.exe,"ChatGPT.exe,python.exe,OneDrive.exe,Discord.exe,msedge.exe,svchost.exe,Code.exe"
2025-02-16 13:02:10,105047823,11500858,0.0,55.0,Code.exe,"ChatGPT.exe,python.exe,OneDrive.exe,Discord.exe,msedge.exe,svchost.exe,Code.exe"
2025-02-16 13:02:11,105048150,11505189,327.0,4331.0,Code.exe,"ChatGPT.exe,python.exe,OneDrive.exe,Discord.exe,msedge.exe,svchost.exe,Code.exe"
2025-02-16 13:02:12,105048150,11505189,0.0,0.0,Code.exe,"ChatGPT.exe,python.exe,OneDrive.exe,Discord.exe,msedge.exe,svchost.exe,Code.exe"
2025-02-16 13:02:13,105048737,11509650,587.0,4461.0,Code.exe,"ChatGPT.exe,python.exe,OneDrive.exe,Discord.exe,msedge.exe,svchost.exe,Code.exe"
2025-02-16 13:02:14,105049010,11509794,273.0,144.0,Code.exe,"ChatGPT.exe,python.exe,OneDrive.exe,Discord.exe,msedge.exe,svchost.exe,Code.exe"
2025-02-16 13:02:15,105049118,11514176,108.0,4382.0,Code.exe,"ChatGPT.exe,python.exe,OneDrive.exe,Discord.exe,msedge.exe,svchost.exe,Code.exe"
2025-02-16 13:02:16,105049413,11514284,295.0,108.0,Code.exe,"ChatGPT.exe,python.exe,OneDrive.exe,Discord.exe,msedge.exe,svchost.exe,Code.exe"
2025-02-16 13:02:17,105049763,11518669,350.0,4385.0,Code.exe,"ChatGPT.exe,python.exe,OneDrive.exe,Discord.exe,msedge.exe,svchost.exe,Code.exe"
2025-02-16 13:02:18,105049763,11518669,0.0,0.0,Code.exe,"ChatGPT.exe,python.exe,OneDrive.exe,Discord.exe,msedge.exe,svchost.exe,Code.exe"
2025-02-16 13:02:19,105050477,11525399,714.0,6730.0,Code.exe,"ChatGPT.exe,python.exe,OneDrive.exe,Discord.exe,msedge.exe,svchost.exe,Code.exe"
2025-02-16 13:02:20,105050705,11525550,228.0,151.0,Code.exe,"ChatGPT.exe,python.exe,OneDrive.exe,Discord.exe,msedge.exe,svchost.exe,Code.exe"
2025-02-16 13:02:21,105050705,11525550,0.0,0.0,Code.exe,"ChatGPT.exe,python.exe,OneDrive.exe,Discord.exe,msedge.exe,svchost.exe,Code.exe"
2025-02-16 13:02:22,105050966,11529881,261.0,4331.0,Code.exe,"ChatGPT.exe,python.exe,OneDrive.exe,Discord.exe,msedge.exe,svchost.exe,Code.exe"
2025-02-16 13:02:23,105051133,11530001,167.0,120.0,Code.exe,"ChatGPT.exe,python.exe,OneDrive.exe,Discord.exe,msedge.exe,svchost.exe,Code.exe"
2025-02-16 13:02:24,105051389,11534332,256.0,4331.0,Code.exe,"ChatGPT.exe,python.exe,OneDrive.exe,Discord.exe,msedge.exe,svchost.exe,Code.exe"
